Independent Movies;512
International T;2
Reality T;4
TV Sci-Fi;1
Sci-;5
TV Comed;12
Spanish-Language TV S;1
Spanish-La;45
Reality TV;122
Romantic Movie;10
Docuseries;271
Stand-Up Comedy & Talk Shows;29
TV Sci-Fi & Fantasy;31
Classic Movies;62
TV Dramas;455
TV Sci-Fi & Fa;2
Inde;1
Sci-Fi & Fantasy;124
Spanish-Language TV Shows;43
Sci-Fi & Fantas;3
Dramas;1486
Internat;1
Romantic TV Shows;194
TV Mysteries;65
Stand-Up;5
Movies;48
Internati;3
Reality;20
Stand-Up Comedy & Talk Sho;7
Korean TV;16
TV Drama;12
Music &;9
Romantic Mov;2
TV Sci-Fi & Fant;8
Clas;3
Science & Nature TV;54
Cult Movies;42
TV Dram;79
TV Comedies;314
Crime TV Shows;355
International Mo;4
Kids' TV;312
Stand-Up Comedy;273
International M;13
International TV Shows;908
TV Shows;10
International;32
Action & Adventure;532
Faith & Spirituality;43
LGBTQ Movies;59
Anime Features;41
Romantic Movies;316
Romantic Movi;2
Sports M;2
Spanish;14
Romantic T;5
Science & Natu;12
TV Actio;3
International Mov;4
Sci-Fi & Fant;2
TV Sci-F;2
TV Action & Adven;1
Korean TV Shows;104
Dram;1
Come;2
TV Sci-Fi & Fan;5
;30
Sci-Fi &;16
TV Action;19
TV Horro;3
TV Action & Ad;1
Teen TV Shows;31
Independent Mov;1
Horror Movies;229
TV C;1
International TV;19
Independent Movi;2
International Movies;1738
Thrillers;349
Teen TV;4
Sci-Fi & Fanta;9
Comedies;990
Children & Family Movies;340
Thriller;4
TV Comedie;8
TV Come;65
Documentaries;658
Sports Mo;1
TV Action & Adventure;90
Teen TV Show;6
TV Horror;47
TV Acti;5
Music & Music;21
International TV Sho;34
Romantic TV Sh;3
International Movi;3
Romantic TV;5
Romantic;61
TV Comedi;6
TV Thrillers;41
TV Sci;1
Sci-Fi & Fa;1
Spanish-Languag;1
Internatio;1
Spanish-Langua;10
Classic & Cult TV;24
Faith & Spirit;1
TV Sci-Fi &;1
TV Sci-Fi & F;4
Faith & Spiritua;2
Romantic M;5
Music & Musicals;195
Music & Musica;4
Anime Series;110
TV Thriller;2
Sports Movies;146
TV D;1
TV;21
Sci-Fi & F;5
British TV Shows;205
TV Sci-Fi & Fanta;7
